{
  "project_info": {
    "project_number": "881372727839",
    "project_id": "freelance-ac8eb",
    "storage_bucket": "freelance-ac8eb.firebasestorage.app"
  },
  "client": [
    {
      "client_info": {
        "mobilesdk_app_id": "1:881372727839:android:42194d2e62686c16e8232a",
        "android_client_info": {
          "package_name": "com.nikhil.buyerapp"
        }
      },
      "oauth_client": [],
      "api_key": [
        {
          "current_key": "AIzaSyBn4vJZBdduzG2grrk7IhK0_b4IIMyFR2E"
        }
      ],
      "services": {
        "appinvite_service": {
          "other_platform_oauth_client": []
        }
      }
    }
  ],
  "configuration_version": "1"
}